{"modelTopology":{"class_name":"Sequential","config":[{"class_name":"Dense","config":{"units":64,"activation":"relu","use_bias":true,"kernel_initializer":{"class_name":"VarianceScaling","config":{"scale":1,"mode":"fan_avg","distribution":"normal","seed":null}},"bias_initializer":{"class_name":"Zeros","config":{}},"kernel_regularizer":null,"bias_regularizer":null,"activity_regularizer":null,"kernel_constraint":null,"bias_constraint":null,"name":"dense_Dense1","trainable":true,"batch_input_shape":[null,30],"dtype":"float32"}},{"class_name":"Dense","config":{"units":32,"activation":"relu","use_bias":true,"kernel_initializer":{"class_name":"VarianceScaling","config":{"scale":1,"mode":"fan_avg","distribution":"normal","seed":null}},"bias_initializer":{"class_name":"Zeros","config":{}},"kernel_regularizer":null,"bias_regularizer":null,"activity_regularizer":null,"kernel_constraint":null,"bias_constraint":null,"name":"dense_Dense2","trainable":true}},{"class_name":"Dense","config":{"units":16,"activation":"relu","use_bias":true,"kernel_initializer":{"class_name":"VarianceScaling","config":{"scale":1,"mode":"fan_avg","distribution":"normal","seed":null}},"bias_initializer":{"class_name":"Zeros","config":{}},"kernel_regularizer":null,"bias_regularizer":null,"activity_regularizer":null,"kernel_constraint":null,"bias_constraint":null,"name":"dense_Dense3","trainable":true}},{"class_name":"Dense","config":{"units":8,"activation":"relu","use_bias":true,"kernel_initializer":{"class_name":"VarianceScaling","config":{"scale":1,"mode":"fan_avg","distribution":"normal","seed":null}},"bias_initializer":{"class_name":"Zeros","config":{}},"kernel_regularizer":null,"bias_regularizer":null,"activity_regularizer":null,"kernel_constraint":null,"bias_constraint":null,"name":"dense_Dense4","trainable":true}},{"class_name":"Dense","config":{"units":4,"activation":"relu","use_bias":true,"kernel_initializer":{"class_name":"VarianceScaling","config":{"scale":1,"mode":"fan_avg","distribution":"normal","seed":null}},"bias_initializer":{"class_name":"Zeros","config":{}},"kernel_regularizer":null,"bias_regularizer":null,"activity_regularizer":null,"kernel_constraint":null,"bias_constraint":null,"name":"dense_Dense5","trainable":true}},{"class_name":"Dense","config":{"units":2,"activation":"relu","use_bias":true,"kernel_initializer":{"class_name":"VarianceScaling","config":{"scale":1,"mode":"fan_avg","distribution":"normal","seed":null}},"bias_initializer":{"class_name":"Zeros","config":{}},"kernel_regularizer":null,"bias_regularizer":null,"activity_regularizer":null,"kernel_constraint":null,"bias_constraint":null,"name":"dense_Dense6","trainable":true}},{"class_name":"Dense","config":{"units":1,"activation":"sigmoid","use_bias":true,"kernel_initializer":{"class_name":"VarianceScaling","config":{"scale":1,"mode":"fan_avg","distribution":"normal","seed":null}},"bias_initializer":{"class_name":"Zeros","config":{}},"kernel_regularizer":null,"bias_regularizer":null,"activity_regularizer":null,"kernel_constraint":null,"bias_constraint":null,"name":"dense_Dense7","trainable":true}}],"keras_version":"tfjs-layers 1.0.0","backend":"tensor_flow.js"},"format":"layers-model","generatedBy":"TensorFlow.js tfjs-layers v1.0.0","convertedBy":null,"weightsManifest":[{"paths":["./my_model.weights.bin"],"weights":[{"name":"dense_Dense1/kernel","shape":[30,64],"dtype":"float32"},{"name":"dense_Dense1/bias","shape":[64],"dtype":"float32"},{"name":"dense_Dense2/kernel","shape":[64,32],"dtype":"float32"},{"name":"dense_Dense2/bias","shape":[32],"dtype":"float32"},{"name":"dense_Dense3/kernel","shape":[32,16],"dtype":"float32"},{"name":"dense_Dense3/bias","shape":[16],"dtype":"float32"},{"name":"dense_Dense4/kernel","shape":[16,8],"dtype":"float32"},{"name":"dense_Dense4/bias","shape":[8],"dtype":"float32"},{"name":"dense_Dense5/kernel","shape":[8,4],"dtype":"float32"},{"name":"dense_Dense5/bias","shape":[4],"dtype":"float32"},{"name":"dense_Dense6/kernel","shape":[4,2],"dtype":"float32"},{"name":"dense_Dense6/bias","shape":[2],"dtype":"float32"},{"name":"dense_Dense7/kernel","shape":[2,1],"dtype":"float32"},{"name":"dense_Dense7/bias","shape":[1],"dtype":"float32"}]}]}